Emotion,Mean Retention,Retention Std Dev,Count
disgust,65.59866666666667,10.791581948555132,15
anger,65.471,9.246323821418233,20
neutral,64.91000000000001,10.056096658246677,21
sadness,62.792631578947365,13.190788386052368,19
surprise,62.738571428571426,6.769813952567748,7
joy,61.36333333333334,3.8298868564663,3
fear,59.89416666666667,14.797820320300016,24
